,id,title,ingredients,instructions
200,000dac0c4e,Easy Chocolate Ribbon Coconut Pie,Ingredients: 1. 1 1 2 cups baker's angel flake coconut 2. 1 pkg. baker's semi sweet chocolate 3. 2 tbsp. milk 4. 1 tbsp. butter or margarine 5. 1 graham cracker crumb crust 6. 2 pkg. jell o vanilla flavor instant pudding 7. 1 1 2 cups milk 8. 1 tub cool whip whipped topping ,"Instructions: 1. Spread 1 cup coconut onto bottom of microwaveable pie plate. 2. Microwave on HIGH 3 min. 3. or until lightly browned, stirring every minute. 4. Cool. 5. Meanwhile, microwave chocolate, 2 Tbsp. 6. milk and butter in small microwaveable bowl 2 min. 7. or until chocolate is almost melted, stirring after each minute; stir until chocolate is completely melted. 8. Spread onto bottom of crust. 9. Refrigerate 15 min. 10. or until chocolate is firm. 11. Beat pudding mixes and 1-1/2 cups milk in large bowl with whisk 2 min. 12. Let stand 1 min. 13. or until thickened. 14. Stir in 1-3/4 cups COOL WHIP and remaining  coconut; spread over chocolate layer in crust. 15. Add 3/4 cup toasted coconut to remaining COOL WHIP; stir gently until blended. 16. Spread over pudding layer; sprinkle with remaining toasted coconut. 17. Refrigerate 4 hours or until firm. "
201,000db15ff4,Broiled Parmesan Tomatoes,Ingredients: 1. 3 cans tomatoes 2. salt and pepper 3. 1 2 cup unsalted butter 4. 1 1 2 cups parmesan ,"Instructions: 1. Place the tomatoes in a 13 by 9-inch casserole dish. 2. Sprinkle with salt and pepper to taste and top each with a pat of butter. 3. Generously sprinkle the cheese over the tomatoes and broil for 10 to 15 minutes, until the tomatoes are heated through and the cheese is bubbly. "
202,000db4faa2,Pretzel Crusted Chicken Tenders,Ingredients: 1. 12 cup fat free buttermilk 2. 2 tablespoons dijon mustard 3. 2 tablespoons rice vinegar 4. 1 tablespoon orange marmalade 5. 12 teaspoon kosher salt 6. 12 teaspoon pepper 7. 1 lb boneless skinless chicken tenders 8. 3 cups pretzel sticks 9. 2 tablespoons melted butter 10. mustard ,"Instructions: 1. Preheat oven to 400 degrees F. 2. Whisk together the buttermilk, mustard, rice vinegar, orange marmalade, salt and pepper in a large plastic container. 3. Add chicken tenders to the marinade, turning with tongs to coat well. 4. Place in refrigerator for 5-10 minutes. 5. Meanwhile, prepare the pretzels by placing them in a 1 gallon-size ziploc bag and crushing them with a rolling pin. 6. Spread pretzels out in a shallow dish or plate. 7. Remove chicken from refrigerator. 8. Spray a baking sheet with nonstick spray. 9. Make an assembly line by placing the chicken first, then the crushed pretzels, then the baking sheet. 10. Dip each chicken tender in the crushed pretzels, turning to coat. 11. Place on prepared baking sheet. 12. Drizzle chicken tenders with melted butter. 13. Bake on the center rack of the oven 12 to 15 minutes until chicken is golden brown and cooked through. 14. Drizzle with mustard. "
203,000dbaea0f,Taco Soup,Ingredients: 1. 1 lb lean beef 2. 1 onion 3. 1 12 cups water 4. 1 12 cups dry red wine 5. 2 cans tomatoes 6. 1 can tomato sauce 7. 2 cans dark red kidney beans 8. 1 package taco seasoning mix 9. 2 cups cheddar cheese 10. 1 bag corn chips 11. sour cream 12. black olives 13. 3 green onions 14. 2 cans green chilies ,"Instructions: 1. Brown ground beef with onion in stock pot, stirring frequently; drain well. 2. Add water, wine,undrained tomatoes, kidney beans, tomato sauce and taco seasoning mix. 3. Stir till mixed well. 4. Cover and simmer for 35 to 40 minutes stirring occasionally. 5. Garnish with some or all of the remaining ingredients. "
204,000dc3e7e7,"Penne With Black Kale, Sausage, and Roasted Peppers",Ingredients: 1. 1 tbsp. olive oil 2. 3 4 lb. hot italian sausage 3. 1 lb. penne pasta 4. 1 lb. black kale 5. 12 oz. jarred red peppers 6. 2 clove garlic 7. 1 2 c. parmesan cheese ,"Instructions: 1. Bring a large pot of salted water to a boil. 2. Meanwhile, heat olive oil in a large, deep skillet over medium heat; add sausage. 3. Cook until browned and halfway cooked through, about 7 minutes. 4. At this point, add pasta to boiling water, stir a few times, and cook according to package directions. 5. Add kale to sausage; cover skillet and cook 2 minutes, tossing once or twice, or until kale is wilted. 6. Stir in peppers and garlic; cook 7 minutes longer, or until sausage is cooked. 7. Drain pasta, reserving 1/2 cup of the cooking water. 8. Return pasta to pot; add sausage mixture and reserved cooking water, and toss. 9. Divide among 6 plates and sprinkle each with Parmesan cheese. 10. Serve immediately. "
205,000df26c65,Fair Scones,Ingredients: 1. 2 1 2 cups all purpose flour 2. 2 tablespoons white sugar 3. 2 teaspoons baking powder 4. 1 2 teaspoon salt 5. 6 tablespoons shortening 6. 1 2 cup milk ,"Instructions: 1. Preheat an oven to 450 degrees F . 2. Whisk flour, sugar, baking powder, and salt together in a large bowl. 3. Cut shortening into flour mixture with a fork or pastry knife until crumbly texture. 4. Add milk; mix until just combined. 5. Turn dough onto a floured surface; knead until completely mixed, about 1 minute. 6. Divide into 2 equal pieces. 7. Roll or pat each piece into a 3/4-inch round. 8. Cut each round into 4 pieces. 9. Arrange pieces on a baking sheet. 10. Bake in the preheated oven until golden brown, about 15 minutes. "
206,000dfc842f,Hot Fudge Pudding Cake II,Ingredients: 1. 1 14 cups sugar 2. 1 cup all purpose flour 3. 7 tablespoons cocoa 4. 2 teaspoons baking powder 5. 14 teaspoon salt 6. 12 cup milk 7. 13 cup butter or 13 cup margarine 8. 1 12 teaspoons vanilla extract 9. 12 cup light brown sugar 10. 1 14 cups water 11. whipped ,"Instructions: 1. Heat oven to 350'F. 2. In medium bowl stir together 3/4 cup granulated sugar, flour, 3 Tbls. 3. cocoa, baking powder and salt. 4. Blend in milk, butter and vanilla, beat until smooth. 5. Pour batter into 8- or 9-inch square baking pan. 6. In separate bowl, stir together remaining 1/2 cup granulated sugar, brown sugar and remaining 4 tablespoons cocoa; sprinkle mixture evenly over batter. 7. Pour hot water over top; do not stir. 8. Bake 35 to 40 minutes or until center is almost set. 9. Let stand 15 minutes; spoon into dessert dishes, spooning sauce from bottom of pan over top. 10. Garnish with whipped topping. "
207,000e080daa,Chocolate Cherry Lactation Bars,Ingredients: 1. 1 cup butter 2. 1 cup almond butter 3. 1 cup sugar 4. 2 cups brown sugar 5. 4 eggs 6. 1 tablespoon vanilla 7. 1 teaspoon salt 8. 2 teaspoons baking soda 9. 2 12 cups flour 10. 12 cup wheat germ 11. 14 cup brewer's yeast 12. 14 cup flax seed meal 13. 4 cups old fashioned oatmeal 14. 1 cup dark chocolate chips 15. 1 cup dried cherries ,"Instructions: 1. Cream butter, almond butter, sugar, and brown sugar. 2. Add vanilla and eggs until incorporated. 3. Mix in dry ingredients except oatmeal. 4. Add oats, chocolate chips, and cherries last. 5. Line a jellyroll pan with foil and spray with nonstick spray. 6. Cook 20 minutes on 350. "
208,000e2cfbea,Spanish Mussels Vinaigrette (Mejillones a La Vinagreta),Ingredients: 1. 30 mussels 2. lettuce 3. 2 tablespoons green onions 4. 2 tablespoons green peppers 5. 2 tablespoons red peppers 6. 1 tablespoon parsley 7. 4 tablespoons olive oil 8. 2 tablespoons vinegar 9. 1 dash red pepper sauce 10. salt ,"Instructions: 1. Steam open the mussels. 2. Put them in a deep pan with the water. 3. Cover the pan and put over a high heat, shaking the pan, until the shells open. 4. Remove from heat and discard any mussels that do not open. 5. Mussels can also be opened in a microwave. 6. Place them in a microwave-safe bowl, partially covered, and microwave at full power for one minute. 7. Stir and microwave one minute more. 8. Remove any mussels that have opened and microwave one minute more. 9. Again remove open ones. 10. Repeat twice more. 11. Discard any mussels that have not opened. 12. When cool enough to handle, remove and discard the empty shells. 13. Shortly before serving, arrange mussels on a bed of shredded lettuce on a serving platter. 14. In a bowl combine the onion, green and red pepper, parsley, oil, and vinegar. 15. Season with red pepper sauce and salt. 16. Spoon the mixture into the mussels in their shells. "
209,000e3b9862,Chicken and Chinese Broccoli Miso Stir-Fry,Ingredients: 1. 12 lb chicken breast 2. 12 lb chinese broccoli or 12 lb italian broccoli or 12 lb bok choy 3. 1 sweet onion 4. 3 garlic cloves 5. 1 tablespoon dark soy sauce 6. 12 teaspoon salt 7. 3 tablespoons peanut oil or 3 tablespoons vegetable oil 8. 2 tablespoons red miso 9. 12 cup water 10. 1 tablespoon cornstarch 11. 2 green onions 12. 3 tablespoons parsley ,"Instructions: 1. Stir fry garlic and onions in oil until they are slightly cooked . 2. Add chicken meat and cook until mostly cooked . 3. Add chinese broccoli cut into bite size pieces along with miso and cook about 2 minutes more. 4. Add soy, water and cornstarch and bring to a boil. 5. Check seasoning once chicken has cooked through, and add salt as desired. 6. Garnish with green onions and parsley. 7. Serve with rice. "
210,000e6304d7,Sunny's Eggs in Burgatory,Ingredients: 1. 1 pound chuck 2. 1 tablespoon red onion pulp 3. 3 teaspoons mild yellow curry powder 4. 1 4 teaspoon onion powder 5. kosher salt and black pepper 6. 6 8 sprigs thyme 7. 1 tablespoon olive oil 8. 1 cup canned tomatoes 9. 1 2 cup ketchup 10. 2 tablespoons honey 11. 1 teaspoon hot sauce 12. 4 eggs 13. 1 4 cup loosely packed ,"Instructions: 1. In a large bowl, add the beef and break it up a little. 2. From high above the bowl for even coverage, sprinkle over the onion pulp, 1 teaspoon of the curry powder, the onion powder, 1 teaspoon salt, a few grinds of pepper and the thyme. 3. Gently mix with your non-dominant hand until just combined. 4. Form into 4 equal balls and let rest in the bowl. 5. Drizzle with the olive oil, cover with plastic wrap and rest at room temperature 1 hour. 6. In a liquid measuring cup, whisk the tomatoes, ketchup, honey, hot sauce and the remaining 2 teaspoons curry powder until combined. 7. Preheat 4 personal-sized cast-iron pans over medium-high heat. 8. Form each ball of beef into a patty and press each patty to fill the entire bottom of each pan; the patties will shrink as they cook. 9. Cook until each patty easily lifts from the pan and a peek beneath reveals a golden-brown sear, about 5 minutes. 10. Flip the patties, then immediately pour the tomato mixture evenly over each and jiggle the pans to settle the sauce. 11. Using the back of a spoon, gently press a recess in the center top of each patty. 12. Gently crack an egg into the center of each patty, resting the yolk in the recess you created. 13. Cover all the pans with a large baking sheet. 14. Reduce the heat to a low simmer and leave covered until a quick peek beneath reveals the whites are cooked and the yolks are still runny, about 3 minutes. 15. Garnish each with a tiny sprinkle of salt over the yolks, a grind of pepper and a sprinkle of parsley. "
211,000e65ebd0,Tomato and Spinach Casserole,Ingredients: 1. 10 ounces spinach or 10 ounces frozen spinach 2. 2 teaspoons lemon juice 3. 2 tablespoons sour cream 4. 4 ounces button mushrooms 5. 3 tablespoons butter 6. 3 4 tomatoes 7. salt and pepper 8. 12 1 cup parmesan cheese ,"Instructions: 1. Cook spinach; drain well. 2. Sprinkle with lemon juice, and sourcream, mix with mushrooms that have been browned in 1 tablespoons butter and place in a casserole dish. 3. On this place place sliced tomatoes sprinkled with salt and pepper. 4. Sprinkle cheese on top and dot with remaining butter. 5. Bake in 350* oven until browned; about 10 minutes. "
212,000e97a7b1,Dagwood's Pork Sandwich,Ingredients: 1. 2 italian rolls 2. 3 tablespoons butter or 3 tablespoons margarine 3. 1 lb pork 4. 12 cup onion 5. 1 garlic clove 6. 12 cup celery 7. 1 cup sour cream 8. 1 teaspoon dried dill weed 9. 12 teaspoon salt 10. 3 drops hot pepper sauce 11. 2 firm tomatoes 12. 1 green bell pepper 13. 1 cup mozzarella cheese ,"Instructions: 1. Use 2 tablespoons of the butter or margarine to spread on the rolls; place each halved roll in 12-inch square of foil, folding edges up around the roll. 2. Heat remaining 1 tablespoon butter or margarine in skillet. 3. Saute pork, onion, garlic, and celery until golden. 4. Drain off fat. 5. Add sour cream, dill weed, salt, and hot pepper sauce; taste and add additional seasoning as desired. 6. Spread mixture on roll halves. 7. Place slices of tomato and green pepper on top of meat and sprinkle with cheese. 8. Do not close foil. 9. Bake in preheated 375 F oven for 15 to 20 minutes, until heated through and cheese has melted. "
213,000eb2a4d9,Scallop Ceviche,Ingredients: 1. 2 lbs bay scallops 2. 34 cup lemon juice 3. 34 cup lime juice 4. 12 cup red onion 5. 12 cup yellow bell pepper 6. 1 cup pimento stuffed olive 7. 2 tablespoons olive oil 8. 1 tablespoon cilantro 9. 3 slices lime 10. 1 teaspoon salt 11. 3 dashes hot red pepper sauce ,"Instructions: 1. Combine all ingredients in 8-inch square baking dish. 2. Cover with plastic wrap and refrigerate at least 8 hours. 3. Just before serving, remove zest and transfer to serving dish. 4. Serve chilled. "
214,000eb6f05a,Marco Canora's Braised Red Cabbage,Ingredients: 1. 2 tablespoons butter 2. 1 red onion 3. 1 red cabbage 4. 12 cup dark brown sugar 5. 2 tablespoons caraway seeds 6. 2 tablespoons yellow mustard seeds 7. 12 cup cider vinegar 8. 34 cup dry red wine 9. 1 tart apple 10. salt & black pepper ,"Instructions: 1. 1. 2. Melt the butter in a large saute pan over medium heat. 3. Add the onions and saute until softened, about 5 minutes. 4. Add the cabbage and toss until it begins to wilt, 2 to 3 minutes. 5. 2. 6. Add the brown sugar, caraway seeds, mustard seeds, vinegar, wine and apple. 7. Stir to combine, and season with salt and pepper. 8. Cut a circle of parchment paper the size of the bottom of the pan, slice a small vent in the middle, and place directly over the cabbage. 9. Simmer until the cabbage is soft, about 45 minutes. 10. Adjust salt and pepper, and serve. "
215,000ec71e9d,Shrimp Mold,Ingredients: 1. 2 packages knox gelatin 2. 3 tablespoons hot water 3. 1 can cream mushroom soup 4. 1 package cream cheese 5. 1 cup celery 6. 12 cup green onion 7. 1 cup mayonnaise 8. 2 cans shrimp ,"Instructions: 1. Dissolve gelatin in hot water. 2. Add cream of mushroom soup, cream cheese and heat on low until blended. 3. Add celery, green onion, mayonnaise, shrimp and stir well. 4. Pour into mold and put in fridge until set, about 3 hours. 5. Unmold and serve with crackers. "
216,000ed056ec,"Avocado ""Pesto"" Recipe",Ingredients: 1. 1 avocado 2. 1 c. basil leaves 3. 1 2 c. canned chicken broth 4. 4 garlic cloves 5. 2 tbsp. lime juice 6. 1 2 c. vegetable oil ,"Instructions: 1. Place avocado, basil, 1/2 c. broth, garlic and lime juice in blender. 2. Blend till minced, scraping down sides as needed. 3. With machine running, gradually add in oil and blend till smooth. 4. If too thick, gradually add in more broth by Tbsp.. 5. Season with salt and pepper. 6. Makes about 2 c.. "
217,000edd2c6e,Chicken and Mushroom Pie,Ingredients: 1. 1 tablespoon olive oil 2. 1 onion 3. 1 garlic clove 4. 350 g chicken breast fillets 5. 3 pieces bacon 6. 2 cups mushrooms 7. 12 cup white wine 8. 1 cup chicken stock 9. 2 tablespoons parsley 10. 1 tablespoon cornflour 11. 2 tablespoons water 12. black pepper 13. 1 teaspoon butter 14. 2 sheets puff pastry 15. 1 egg 16. 2 tablespoons milk ,"Instructions: 1. heat the oil in a frying pan over a semi-low heat. 2. add the onion, garlic and bacon and fry gently, stirring often, until the onion is transparent, place in a bowl. 3. Increase the heat to medium and add the chicken, stirring frequently until browned, removed to a bowl. 4. Return the onion mix to the pan adding the sliced mushrooms, cook for a couple of minutes. 5. Add the wine, stir and cook for a minute. 6. Add the stock and simmer until reduced by half, stirring occassionally. 7. Return chicken to pan, bring to boil and add pepper. 8. Mix the cornflour with water and add it to the pan stirring until the sauce boils and thickens, add parsley and set aside to cool slightly. 9. Heat oven to 220C and take two sheets of puff pastry out of the freezer, remove the blue plastic and put them on the bench to thaw. 10. Spray the pie plate with cooking spray or brush it with melted butter, lay one sheet of pastry over the plate, tucking it down on the bottom and pushing it in on the sides. 11. Add the chicken filling, remembering to not add mushrooms to Chris's piece, Put the other sheet of pastry over the top, press around the edges , mark Chris's piece with a C and then cut the excess pastry off by running a sharp knife around the rim. 12. Use the excess pastry to decorate the pie. 13. Press the edges down around the rim with a fork. 14. Pierce the pie here and there with a fork. 15. Beat the egg with the milk and then brush over the pie. 16. Place in the oven for 10 minutes then reduce heat to 190C and cook for 30-40 minutes. "
218,000ee3c428,Ham and Egg Salad,Ingredients: 1. 4 hard eggs 2. 12 cup mayonnaise 3. 12 cup ham 4. 2 tablespoons green onions 5. 2 teaspoons dijon mustard 6. salt and pepper ,Instructions: 1. Combine all ingredients. 2. Cover and chill. 
219,000eee094d,Pickled Watermelon Rinds,Ingredients: 1. 1 4 pound watermelon 2. 1 1 4 cups apple cider vinegar 3. 1 cup sugar 4. 1 tablespoon allspice berries 5. 1 tablespoon kosher salt 6. 4 black peppercorns 7. 2 sichuan peppercorns 8. 1 cinnamon stick 9. 1 1 inch piece ginger ,"Instructions: 1. Cut the watermelon flesh from the rind, leaving only a 1/4-inch layer of pink flesh on the rind. 2. Cut the green outer skin from the rind and discard; cut the rind into 1-by-2-inch pieces. 3. Combine the vinegar, sugar, allspice, salt, black and Sichuan peppercorns, cinnamon, ginger and 1/2 cup water in a medium saucepan. 4. Bring to a boil and cook, stirring regularly, until the sugar and salt dissolve, about 5 minutes. 5. Add the watermelon rinds and bring the mixture back to a boil, placing a heavy object such as a heat-proof plate on top to keep the rinds submerged. 6. Reduce the heat and simmer until the rinds are tender when pierced with a fork, about 8 minutes. 7. Remove from the heat and cool completely. 8. Transfer to airtight containers and cover. 9. Refrigerate at least overnight before serving. 10. The pickled watermelon rinds can be kept in the refrigerator for up to 2 weeks. "
220,000ef9c70e,Italian Burritos,Ingredients: 1. 1 14 lbs mild italian sausage or 1 14 lbs hot italian sausage 2. 1 package frozen spinach 3. 1 containerrefrigerated alfredo sauce 4. 14 cup basil 5. 8 8 9 inch flour tortillas 6. 1 jar spaghetti sauce 7. 1 cup parmesan cheese ,"Instructions: 1. Preheat oven to 375F. 2. Grease a 13x9 inch baking dish. 3. Remove sausage from casings, brown in a large skillet and pour off excess fat. 4. Add spinach, Alfredo sauce and basil and combine. 5. Divide mixture between 8 tortillas, roll up and place seam side down in baking dish. 6. Top with spaghetti sauce and sprinkle with cheese. 7. Bake 45-50 minutes or until hot. "
221,000f0026ea,Sourdough Starter,Ingredients: 1. 2 potatoes 2. 2 cups flour 3. 2 tablespoons sugar ,"Instructions: 1. Boil potatoes until they fall to pieces. 2. Let cool then remove skins. 3. Mash potatoes in the water to make a puree. 4. Pour into a large pot. 5. bean pot 6. Mix in flour and sugar, and let sit covered in a warm place for at least 3 days stirring once or twice each day. 7. Add water if too thick. 8. After the 3rd day it should be bubbling nicely and ready to use. 9. Surprise:. 10. and 2 moves. "
222,000f05e911,Simple Peanut Butter and Tomato Sandwich,Ingredients: 1. peanut butter 2. 2 slices wheat bread 3. 1 4 teaspoon white sugar 4. 1 tablespoon low fat creamy salad dressing 5. 1 tomato 6. salt and black pepper ,Instructions: 1. Spread peanut butter on one slice of bread; sprinkle with white sugar. 2. Spread creamy salad dressing on the other slice of bread; top with tomato slices. 3. Sprinkle tomatoes with salt and pepper. 4. Place the 2 sides together and enjoy! 
223,000f2b5cf0,Herbed Fish On The Grill For Two Recipe,Ingredients: 1. 1 fish 2. 1 4 c. melted butter 3. 1 tbsp. parsley 4. 1 2 tbsp. thyme 5. 1 2 tbsp. chives 6. 1 4 teaspoon sage 7. cooking spray ,"Instructions: 1. Use fresh parsley, thyme, chives, and sage, if possible. 2. Start charcoal fire in the grill. 3. Spray a grill rack or possibly fish holder which has a long handle with cooking spray. 4. Place fish on rack. 5. Add in herbs to melted butter. 6. Brush herb mix onto and in fish with a pastry brush. 7. Close rack securely. 8. Grill for 5-8 min a side depending on size of fish. "
224,000f31efed,Stuffed Papaya Boats,Ingredients: 1. 1 cup low fat cottage cheese 2. 13 cup pineapple 3. 3 tablespoons honey 4. 1 tablespoon lime juice 5. 2 ripe papayas 6. 1 dash cinnamon 7. dask allspice ,"Instructions: 1. In a small bowl, combine all ingredients except papayas. 2. Mix well. 3. Chill several hours. 4. At serving time, peel papayas and cut them in half lengthwise. 5. Scoop out and discard seeds. 6. Cut a very thin slice off the bottom of each half so they will remina stable on the plate. 7. Stir the cottage cheese mixture and mound it into the papaya shells. 8. Sprinkle lightly with additional cinnamon. "
225,000f46b29f,Easy coconut slice,Ingredients: 1. 1 cup self raising flour 2. 34 cup caster sugar 3. 1 cup desiccated coconut 4. 125 g butter 5. 2 eggs 6. 12 cup milk 7. icing sugar ,"Instructions: 1. Grease a 19cm x 29cm slice pan and line with baking paper. 2. Sift flour into a large bowl; stir in sugar and coconut. 3. Make a well in the centre. 4. Add combined butter, eggs and milk; mix well. 5. Pour into prepared pan. 6. Cook in moderate oven, 180 C for about 30 minutes, or until cooked when tested. 7. Stand slice in pan for 5 mins; cool on wire rack. 8. Serve slice warm or cold, cut into squares. 9. Dust with extra icing sugar. 10. Decorate with berries if you wish. "
226,000f5309df,New York White Pizza,Ingredients: 1. 1 pizza dough 2. 2 tablespoons virgin olive oil 3. 34 cup milk ricotta cheese 4. 1 tablespoon garlic 5. 1 34 cups milk mozzarella cheese 6. 12 teaspoon dried oregano ,"Instructions: 1. Position an oven rack on the second-lowest level in the oven and place a baking stone on the rack; position another rack in the upper third of the oven; preheat oven to 500. 2. Coat a 12-inch pizza screen or perforated pizza pan with cooking spray. 3. Lay the dough on the prepared screen or pan and gently stretch dough into a 12-inch round. 4. Top the pizza: brush the dough with 1 tablespoon olive oil; spread the ricotta evenly over the dough, leaving a 1/4-inch border. 5. Sprinkle the garlic over the top; sprinkle the mozzarella over the top. 6. Crush the oregano between your fingers and sprinkle evenly over the cheese and crust. 7. Drizzle the remaining 1 tablespoon olive oil over the top. 8. Place the pizza in the oven on the upper rack; bake about 8 minutes, until the crust is crisp and golden brown. 9. Using a pizza peel, lift the pizza off the screen/pan and place the crust directly on the baking stone; remove the screen/pan from the oven. 10. Continue baking the pizza until the bottom of the crust is golden, about 3 minutes. 11. Using the peel, remove the pizza from the oven and transfer to a cutting board. 12. Slice pizza into wedges and serve immediately. "
227,000f54ed52,Bourbon Currant Cookies,Ingredients: 1. 1 cup unsalted butter 2. 1 cup sugar 3. 2 eggs 4. 3 cups sifted all purpose flour 5. 1 3 cup bourbon 6. 1 2 cup dried currants 7. 1 4 cup heavy cream ,"Instructions: 1. Preheat oven to 350F. 2. Put butter and sugar in the bowl of an electric mixer fitted with the paddle attachment; mix on medium speed until smooth. 3. Add 1 egg, the flour, bourbon, and currants; mix until well combined. 4. Roll out dough on a lightly floured work surface to 1/4 inch thick. 5. Cut into desired shapes . 6. Whisk together remaining egg and the cream in a small bowl, and brush cookies with egg wash. Space 1 inch apart on baking sheets lined with parchment paper. 7. Bake until pale golden brown,12 to 15 minutes. 8. Let cool on sheets on wire racks. 9. Cookies can be stored in airtight containers at room temperature up to 2 days. "
228,000fa699af,Chicken Marsala,Ingredients: 1. 4 chicken breasts 2. 14 cup flour 3. 12 teaspoon salt 4. 12 teaspoon oregano 5. 4 tablespoons olive oil 6. 1 cup mushrooms 7. 12 cup marsala wine ,"Instructions: 1. Combine flour, salt, pepper and oregano and blend well. 2. Heat the oil and butter in skillet until bubbling lightly. 3. Dredge the chicken in the flour and shake off the excess. 4. Cook the chicken on medium heat for about 2 minutes on the first side, until lightly brown. 5. As you turn the breasts to the second side to cook, add the mushrooms around the chicken pieces. 6. Cook about 2 more minutes, until lightly browned on the second side. 7. Stir the mushrooms. 8. When the second side is lightly browned, add the wine around the pieces. 9. Cover the pan and simmer for about 10 minutes. "
229,000faf7bc5,Egyptian Edamame Stew,Ingredients: 1. 3 cups frozen shelled edamame 2. 1 tablespoon olive oil 3. 1 onion 4. 1 zucchini 5. 2 tablespoons garlic 6. 2 teaspoons cumin 7. 1 teaspoon coriander 8. 18 teaspoon cayenne 9. 28 ounces tomatoes 10. 14 cup cilantro 11. 3 tablespoons lemon juice ,"Instructions: 1. Bring a large saucepan of water to boil. 2. Add edamame and cook until tender, 4 to 5 minutes. 3. Drain. 4. Heat oil in a large saucepan over medium heat. 5. Add onion and cook, covered, stirring occasionally, about 3 minutes. 6. Add zucchini and cook, covered, about 3 minutes more. 7. Add garlic, cumin, coriander and cayenne. 8. Stir in tomatoes and bring to a boil. 9. Reduce heat, and simmer until slightly reduced, about 5 minutes. 10. Stir in the edamame and heat through, about 2 minutes. 11. Remove from heat and stir in cilantro and lemon juice. "
230,000fc78329,Pear Liquor,Ingredients: 1. 1 lb pears 2. 3 cup vodka 3. 1 cup simple syrup 4. 3 tsp cinnamon 5. 2 clove 6. 2 tsp coriander seed ,"Instructions: 1. slice pears and add to other ingredients, adding sugar last. 2. let steep for three weeks. 3. strain and serve. "
231,000fc94232,Pizza Rolls,Ingredients: 1. 1 loaf frozen bread dough 2. 1 12 cups tomato paste or 1 12 cups pizza sauce 3. 4 ounces pepperoni 4. 1 teaspoon oregano 5. 14 teaspoon garlic powder 6. 14 cup onion 7. 1 cup cheese ,"Instructions: 1. Thaw bread for 2 hours. 2. Roll out to 12x9 rectangle. 3. Spread with sauce. 4. Top with remaining ingredients. 5. Roll up jelly-roll fashion from long side. 6. Seal the edges well. 7. Place on greased baking sheet, seam side down. 8. Brush with water, sprinkle with a little salt. 9. Let rise until almost double in size-about 1 hour. 10. Make 3 slashes across top. 11. Bake at 375 degrees for 30 minutes. 12. Slice to serve. "
232,000fe7fcf5,Chicken Diable,Ingredients: 1. 4 tablespoons butter 2. 12 cup honey 3. 14 cup prepared mustard 4. 1 teaspoon salt 5. 1 teaspoon curry powder 6. 3 lbs chicken ,"Instructions: 1. Melt butter , honey, mustard, salt, and curry powder in a large shallow pan. 2. Wash, dry, then skin chicken pieces. 3. Roll chicken pieces in butter mixture to coat both sides, then arrange, meaty side up in a single layer in same pan. 4. Bake in 375 degree oven for 1 hour or until chicken is tender and richly glazed. "
233,000ff73a93,Mustard-and-Herb Chicken,Ingredients: 1. 2 1 inch slices country bread 2. 2 garlic cloves 3. 1 teaspoon rosemary 4. 1 4 cup parmesan cheese 5. salt and pepper 6. 1 4 cup virgin olive oil 7. 4 boneless skin on chicken thighs 8. 2 tablespoons dijon mustard 9. 2 tablespoons unsalted butter 10. 1 onion 11. pinch sugar 12. 1 tablespoon lemon juice ,"Instructions: 1. Preheat the oven to 400. 2. In a food processor, pulse the bread until finely shredded. 3. Add the garlic, rosemary and Parmesan, season with salt and pepper and pulse until combined. 4. Add 2 tablespoons of the olive oil and pulse just until the crumbs are evenly moistened. 5. Transfer to a small bowl. 6. In a medium, ovenproof skillet, heat the remaining 2 tablespoons of olive oil until shimmering. 7. Season the chicken thighs with salt and pepper and add them to the skillet, skin side down. 8. Cook over moderately high heat until golden, about 6 minutes. 9. Turn the chicken and spread the skin with the mustard. 10. Carefully spoon the bread crumbs onto the chicken, patting them on with the back of the spoon. 11. Transfer the skillet to the oven and roast the chicken for about 15 minutes, until the crumbs are golden and crisp and the chicken is cooked through. 12. Meanwhile, in a medium saucepan, melt the butter. 13. Add the onion and sugar, season with salt and pepper and cook over moderate heat until softened, 6 to 7 minutes. 14. Add the lemon juice and cook until the liquid has evaporated, 2 minutes longer. 15. Spoon the onion mixture onto 2 plates, top with the chicken and serve. "
234,0010013190,Asian-Style Turkey Burgers,Ingredients: 1. 1 lb turkey 2. 13 cup onion 3. 3 tablespoons italian parsley 4. 2 tablespoons worcestershire sauce 5. 2 tablespoons green peppers 6. 1 tablespoon soy sauce 7. 1 tablespoon water 8. 2 teaspoons ginger 9. 12 teaspoon salt 10. 12 teaspoon pepper 11. 3 garlic cloves 12. 2 tablespoons oil 13. 4 sandwich buns ,"Instructions: 1. In a large bowl, mix well the first 11 ingredients. 2. Divide the turkey mixture to 4 equal portions, shaping each into a 3/4 inch-thick patty. 3. Coat a large skillet with oil, warm over medium high heat, until hot. 4. Add patties, and cook for 8 minutes on each side, or until done. 5. Serve on buns, with your favorite condiments and trimmings. "
235,00100336d5,Four Alarm Chili,Ingredients: 1. 2 lbs sirloin 2. 1 yellow onion 3. 1 green bell pepper 4. 2 garlic cloves 5. 2 cans rotel tomatoes & chilies 6. 2 cansof bushs chili magic chili starter 7. 20 ounces warm water 8. 2 teaspoons hot sauce 9. 12 cup chili powder 10. 1 tablespoon onion flakes 11. 12 tablespoon paprika 12. 12 tablespoon cumin 13. 12 tablespoon cayenne pepper 14. 12 tablespoon italian seasoning 15. 12 tablespoon masa harina flour 16. olive oil ,"Instructions: 1. Lightly oil the bottom of a 3-quart pot with olive oil and lightly saute the onions, peppers and garlic. 2. Do not brown. 3. Add the ground sirloin and brown. 4. Do not drain off fat; this adds to flavor of the chili. 5. Mix all the dry ingredients and the hot sauce in the warm water and stir until well dissolved. 6. Pour this seasoned water mixture into the meat, peppers, garlic and onions. 7. Add the beans and the tomatoes and green chilies. 8. Mix to blend all items. 9. Bring to a gentle boil. 10. Reduce heat and simmer for 45 minutes to an hour, stirring occasionally. 11. Serve with bread or crackers. "
236,00100467ca,"Chocolate, Coffee & Hazelnut Loaf",Ingredients: 1. 300 ml thickened cream 2. 1 liter prepared chocolate custard 3. 14 cup strong black coffee 4. 125 g hazelnuts 5. 125 g dark chocolate 6. 300 ml thickened cream 7. chocolate ,"Instructions: 1. Beat cream in a bowl until soft peaks form, fold through chocolate custard and coffee using a large metal spoon. 2. Spoon into a large loaf tin, cover with plastic wrap and freeze for several hours. 3. Remove chocolate mixture from the freezer and process with a food processor until thick & creamy. 4. Transfer to a large bowl and fold through hazelnuts using a large metal spoon, cover & freeze again. 5. To make sauce: Break chocolate into pieces and put in a bowl with the cream, stir continuously over simmering hot water until a smooth sauce forms, remove from heat, allow to cool. 6. To serve: Turn loaf out onto a large plate and remove plastic wrap. 7. Sprinkle with chopped chocolate, cut into slices and serve with chocolate sauce. "
237,00100a0aa5,Fusilli Carbonara,Ingredients: 1. 2 tablespoons olive oil 2. 1 tablespoon butter 3. 14 lb bacon 4. 3 garlic cloves 5. 12 cup red wine 6. 12 teaspoon black pepper 7. 2 eggs 8. 12 cup parmesan cheese 9. 12 teaspoon salt 10. 34 lb fusilli 11. 2 tablespoons parsley ,"Instructions: 1. Heat the oil and butter over medium heat in a small frying pan. 2. Add the bacon and cook until brown but not crisp, about 4 minutes. 3. Add the garlic, wine, and pepper. 4. Simmer until the wine is reduced to 2 tbsp, about 3 minute Removed from the heat. 5. In a large bowl, whisk together the eggs, cheese, and salt. 6. In a large pot of boiling, salted water, cook the pasta until just done. 7. Drain the pasta, add it to the egg and cheese mixture IMMEDIATELY, and toss quickly. 8. DO not rinse pasta first. 9. Add the parsley and toss just until mixed. 10. Salt and pepper to taste. 11. Serve with additional Parmesan and enjoy! "
238,00101a3cd5,Shrimp Italiano over Linguine,Ingredients: 1. 1 12 lbs shrimp 2. 12 cup olive oil 3. 14 cup butter 4. 12 onion 5. 2 3 cloves garlic 6. 12 cup parsley 7. 12 cup walnuts 8. 12 cup pimento stuffed green olives 9. 1 teaspoon oregano 10. 12 teaspoon basil 11. 14 teaspoon salt 12. 18 teaspoon pepper 13. parmesan cheese 14. 12 lb linguine ,"Instructions: 1. Put oil and butter in a skillet heat on medium heat. 2. While skillet is heating bring 4 quart Sauce pan of water to a boil. 3. While your waiting for water to boil add onion and garlic to skillet and saute unit onion is almost transparent. 4. Add linguine to 4 qt sauce pan and cook approx 7-10 min, until desired tenderness. 5. While your linguine is cooking add shrimp to skillet and cook 2-3 minutes, until shrimp is pink and cooked through out. 6. Once your shrimp is ready add parsley, walnuts, olives, oregano, basil, salt and pepper to the skillet. 7. Mix to combine skillet ingredients. 8. Remove from heat. 9. When your Linguine is done, drain it. 10. Place about a cup to a cup and a half of linguine on each plate and then spoon the skillet mixture over the to of the linguine. 11. Provide parmesan cheese for sprinkling. "
239,00102e3bf4,Japanese-Inspired Beef Tenderloin,Ingredients: 1. 4 beef tenderloin filets 2. 2 tablespoons salt free seasoning blend 3. 2 tablespoons soy sauce 4. 2 tablespoons rice wine vinegar 5. 2 tablespoons sesame oil 6. 2 tablespoons allspice 7. 1 tablespoon ginger 8. 1 tablespoon garlic 9. 2 tablespoons virgin olive oil 10. 2 cups napa cabbage 11. 1 cup shiitake mushrooms 12. 1 cup cucumber 13. 1 cup bean sprouts 14. 1 2 cup snow peas 15. 1 tablespoon green onions 16. 2 cups spinach leaves 17. 1 cup parsley ,"Instructions: 1. Rub seasoning blend into both sides of filets and place in a large, resealable plastic bag. 2. In a medium bowl, stir together the soy sauce, rice wine vinegar, sesame oil, allspice, ginger, and garlic. 3. Pour marinade into the bag and shake gently to ensure it coats the meat. 4. Refrigerate filets for at least 3 hours or overnight. 5. Preheat oven to 350 degrees F . 6. Remove filets from plastic bag and reserve marinade. 7. Use a paper towel to pat the meat dry. 8. Heat 1 tablespoon olive oil in a large skillet over medium-high heat. 9. Brown the filets on all sides, about 5 minutes. 10. Place filets onto a baking sheet and bake in preheated oven until they reach an internal temperature of 140 degrees F  for medium, about 10 minutes. 11. Meanwhile, in a large skillet over medium heat, heat the remaining olive oil. 12. Stir-fry the cabbage, mushrooms, cucumbers, bean sprouts, snow peas, and green onions until tender, about 4 minutes. 13. Stir in the spinach, parsley, and reserved marinade; cook another 5 minutes. 14. To serve, divide the vegetables between four plates; cut the filets into thick slices and place on top of vegetables. "
240,001038045f,Chicken Taco Bowl,Ingredients: 1. 4 wheat tortillas 2. 2 cups rotisserie chicken foods 1 lb 3.99 02 09 3. 1 4 cup kraft rancher's dressing 4. 1 cup lettuce 5. 1 tomato ,Instructions: 1. Heat oven to 375 degrees F. 2. Flip over 12-cup muffin pan. 3. Spray both sides of 4 tortillas with cooking spray. 4. Press into spaces between raised cups to form bowls. 5. Bake 15 min. 6. ; cool. 7. Combine chicken and dressing; spoon into tortilla bowls. 8. Top with lettuce and tomatoes. 
241,001078d812,Reuben in the Round,Ingredients: 1. 1 container sour cream 2. 12 cup 1000 island dressing 3. 14 cup green onion 4. 8 ouncesshredded swiss cheese 5. 8 ounces deli corned beef 6. 1 can sauerkraut 7. 1 12 teaspoons caraway seeds 8. 1 loafunsliced pumpernickel bread or 1 loaf rye bread or 1 loaf sourdough bread 9. vegetables ,"Instructions: 1. In large bowl, stir together all ingredients except bread and veggies. 2. Refrigerate at least 2 hours. 3. Cut thin, lengthwise slice off of top of bread. 4. Hollow out center of bread, reserving bread to use for dipping, and leaving 1-inch shell. 5. fill with dip. 6. Serve with reserved bread and veggie dippers. "
242,0010920c7e,Tomatillo Hash With Sausage,Ingredients: 1. 3 links italian turkey sausage 2. 1 tablespoon olive oil 3. 1 onion 4. 1 red bell pepper 5. 1 poblano chile 6. 14 teaspoon salt 7. 2 tomatillos 8. 12 cup white wine or 12 cup chicken broth 9. 2 cups cooked brown rice ,"Instructions: 1. Remove the sausage from its casings and form into 1-inch balls. 2. Heat a large, heavy skillet over medium high heat, add the olive oil and sausage balls and cook until browned on all sides, about 8 minutes. 3. Remove from skillet. 4. Add onion, peppers and salt to the skillet , and cook until they begin to soften, about 5 minutes. 5. Stir in the tomatillos and cook 2 minutes longer, until just softened. 6. Add wine or broth and return the sausage balls to the skillet. 7. Simmer until heated through, about 2 minutes. 8. Serve over the brown rice, chopped cilantro would be a nice touch. "
243,0010923f5c,Original Pound Cake,Ingredients: 1. 2 cups sugar 2. 2 cups flour 3. 14 teaspoon salt 4. 1 teaspoon baking soda 5. 1 cup butter 6. 5 eggs 7. 1 12 teaspoons vanilla extract 8. 1 12 teaspoons lemon extract ,"Instructions: 1. Combine all ingredients in a large mixer bowl until smooth about 5 or 6 minutes. 2. Add eggs , one at a time while you mix. 3. Pour into well buttered Bundt pan, or you can use a bread loaf pan. 4. Bake at 325 for 60 minutes, or until cake tests done. "
244,001098c661,Paella,Ingredients: 1. 3 squids 2. 8 tiger prawns 3. 2 red peppers 4. 2 cup peas 5. 4 chicken drumsticks 6. 1 onions 7. 1 pinch saffron 8. 1 packages paella rice 9. 1 packages mussels wine sauce 10. 2 chicken stock 11. 1 packages cherry tomatoes 12. 1 2 packages beans ,"Instructions: 1. Fry the onions and chicken drumsticks in a huge paella pan with olive oil 2. At the same time, put the prawns and some onions on the baking tray with oil, then stick it into oven at 200C 3. Once the chicken is half done, stir in the peppers, squids and beans . 4. Fry for a while 5. Stick in the tomatoes and fry for a bit 6. Add the rice, chicken stock, saffron and mussels 7. When the rice is almost dry, stir in the peas 8. Serve when the rice is dry. 9. Don't forget the put the nicely grilled prawns on top of the rice "
245,0010aaf19d,Pacific Wasabi Sauce for Grilled Tuna,Ingredients: 1. 1 12 cups mayonnaise 2. 12 cup sour cream 3. 1 teaspoon dijon mustard 4. 1 tablespoon lime juice 5. 6 tablespoons wasabi paste 6. 1 teaspoon kosher salt 7. 12 teaspoon black pepper ,"Instructions: 1. Whisk the mayonnaise, sour cream, mustard, lime juice, salt and pepper in a medium-glass or stainless steel bowl for 1 minute, or until smooth and well blended. 2. Add the wasabi paste and whisk vigorously for 1 minute, until combined. 3. Cover and refrigerate for at least 30 minutes. "
246,0010bf652c,Michelle's Turkey Burgers with Lemon Mayonnaise,Ingredients: 1. 3 tablespoons canola oil 2. 1 onion 3. 1 2 cup celery 4. 1 2 cup granny smith apple 5. 2 scallions 6. 1 canned chipotle adobo 7. 1 1 2 pounds lean turkey breast 8. 1 tablespoon leaf parsley 9. 2 teaspoons lemon zest 10. kosher salt and black pepper 11. 1 3 cup reduced fat mayonnaise 12. 1 1 2 teaspoons lemon juice 13. 1 4 teaspoon thyme 14. 4 wheat hamburger buns 15. 4 iceberg lettuce leaves 16. 4 tomato slices ,"Instructions: 1. In a nonstick skillet, heat 1 tablespoon of the canola oil. 2. Add the sliced onion and cook over moderate heat, stirring occasionally, until golden and softened, about 25 minutes. 3. Transfer the onion to a bowl. 4. Wipe out the skillet. 5. Heat 1 tablespoon of the canola oil in the skillet. 6. Add the celery, apple and scallions and cook over moderate heat until softened, about 8 minutes. 7. Transfer to a bowl and add the chipotle; let cool. 8. Stir in the turkey, parsley, 1 teaspoon of the lemon zest, 2 teaspoons of salt and 1/4 teaspoon of pepper. 9. Shape the mixture into four 1/2-inch-thick patties. 10. In the skillet, heat the remaining 1 tablespoon of canola oil. 11. Add the burgers and cook over moderately high heat, turning once, until no longer pink inside, 10 minutes. 12. Meanwhile, in a small bowl, mix the mayonnaise with the remaining 1 teaspoon of lemon zest, the lemon juice and chopped thyme and season with salt and pepper. 13. Spread the lemon mayonnaise on the top halves of the buns; set the burgers on the bottom halves and top with the caramelized onions, lettuce and tomato. 14. Close the burgers and serve. "
247,0010c837b1,"Bread, Bean and Vegetable Soup, Second Time Around",Ingredients: 1. 2 3 cups dayold dried bread nutty unsweetened wheat bread or sourdough or tuscan bread or country french bread 2. 4 teaspoons virgin olive oil 3. salt and black pepper 4. parmesan or pecorino romano ,"Instructions: 1. Bring leftover soup to a boil. 2. Add diced bread and cook, stirring on occasion, for 10 minutes or until soup is thick and porridgelike. 3. Adjust the seasoning and ladle out. 4. Drizzle with olive oil and dust with more cheese if you like. "
248,0010cad8ab,Garlic and Dill Salmon,Ingredients: 1. 2 salmon fillets 2. 1 head garlic 3. 1 ounce dill 4. 1 2 cup olive oil 5. 1 teaspoon salt and pepper ,"Instructions: 1. In a food processor, process garlic to a rough mince, add dill and olive oil and pulse a few times to combine. 2. Lay fish fillets in a baking dish, skin side down. 3. Rub garlic mixture over fish. 4. Refrigerate for 2 hours. 5. Preheat an oven to 375 degrees F . 6. Bake in preheated oven for 15 minutes. 7. Do not overcook. "
249,0010cfb6ca,Gf Turkey Meatballs,Ingredients: 1. 1 lb turkey 2. 1 egg 3. 1 2 tablespoon a.1. original sauce 4. 23 cup gluten free breadcrumbs 5. 12 teaspoon onion powder 6. 14 cup milk 7. 14 cup parmesan cheese ,"Instructions: 1. Mix ingredients together. 2. Use a scoop to drop approximately 1-inch balls onto cooking surface. 3. The original recipe suggested either baking at 350 for 20-25 minutes or pan frying. 4. Drain on a paper towel to finish. 5. May not want the A1 flavor with spaghetti sauce, however. "
250,0010db9be2,Mango Lassi,Ingredients: 1. 1 ripe mango 2. 10 fluid ounces low fat yogurt 3. 1 ounce sugar 4. 12 pint ice 5. 1 pinch salt 6. 12 pint soda water or 12 pint carbonated mineral water ,"Instructions: 1. Peel the mango and cut the flesh from the central stone. 2. Place mango flesh in blender together with ice, sugar, salt and yoghurt. 3. Blitz until smooth. 4. Pour into glasses and top up with chilled soda water. 5. Serve. "
251,001112705f,BLT Salad,Ingredients: 1. 34 cup mayonnaise 2. 4 slices italian bread 3. 12 slices bacon 4. 3 tablespoons red wine vinegar 5. 4 cups cherry tomatoes 6. 1 bag romaine lettuce 7. salt 8. pepper ,"Instructions: 1. Adjust oven rack to middle position and heat oven to 475F Spread 1/4 cup mayonnaise over both sides of bread slices and transfer to baking sheet. 2. Bake until golden brown, 8-10 minutes. 3. let cool 5 minutes, then cut into 1-inch croutons. 4. Cook bacon in large skillet over medium heat until crisp, about 8 minutes. 5. Transfer to paper towel-lined plate. 6. Discard dripping. 7. Whisk remaining mayonnaise and vinegar in large bowl. 8. Add bacon, tomatoes, lettuce, and croutons and toss to combine. 9. Season with salt and pepper. 10. Serve. "
252,00111b70f6,Pineapple Marinade,Ingredients: 1. 1 cup pineapple juice 2. 13 cup brown sugar 3. 13 cup light soy sauce 4. 1 2 garlic clove 5. 2 lbs chicken breasts ,"Instructions: 1. 1. 2. In a small saucepan over medium heat, mix pineapple juice, brown sugar, garlic, and soy sauce. 3. Remove from heat just before the mixture comes to a boil. 4. 2. 5. Place meat in a medium bowl. 6. Cover with the pineapple marinade, and refrigerate for at least 30 minutes but may marinated overnight. 7. 3. 8. Preheat grill for medium heat. 9. Thread meat lengthwise onto wooden skewers. 10. 4. 11. Lightly oil the grill grate. 12. Grill chicken or pork 5 minutes per side, or until juices run clear. 13. They cook quickly, so watch them closely. "
253,001128ebd8,Potato & Smoked Sausage Hash,"Ingredients: 1. 2 tablespoons canola oil 2. 4 potatoes 3. 1 2 teaspoons seasoning salt 4. 1 2 teaspoons pepper 5. 13 ounces, weight smoked sausage 6. 1 green bell pepper 7. 1 red bell pepper 8. 1 red onion ","Instructions: 1. Heat 1 tablespoon oil in a cast-iron skillet over medium-high heat. 2. Add the potatoes, season with seasoning salt and pepper, and allow them to get a brown crust on one side before stirring. 3. Continue to brown the potatoes until they have a brown crust on at least two sides. 4. When the potatoes are browned and crisp, push them to one side of the pan and add the smoked sausage, getting a nice browning on the sausage as well. 5. Meanwhile, heat remaining oil in another skillet over medium-high heat. 6. Add the peppers and red onion, stirring often. 7. Cook until the vegetables are tender and begin to brown. 8. Add the cooked peppers and onions to the cast iron skillet with the potatoes and sausage and toss to combine. 9. Taste for seasoning and add more salt and pepper if needed. 10. Serve promptly, preferably with ketchup and/or hot sauce on the side. 11. You want them to be soft on the outside, but still slightly underdone in the middle. 12. If they are fully baked, they will turn to mush in the pan. 13. You want them to keep their shape but be soft on the exterior so that you can get that nice brown crust on them in the skillet. "
254,001143bc39,Spinach Casserole,Ingredients: 1. 1 12 cups egg substitute 2. 1 container lowfat curd cottage cheese 3. 1 container fat free cottage cheese 4. 8 ounces low fat cheddar cheese 5. 6 tablespoons all purpose flour 6. 2 packages frozen spinach ,Instructions: 1. Preheat oven to 350 degrees. 2. Combine all ingredients together in large bowl. 3. Spray large casserole dish or oblong baking pan with non-stick cooking spray. 4. Pour ingredients in pan and bake at 350 degrees for 1 hour or until knife inserted in middle comes out clean. 
255,001148ab26,Yellow Squash Saute,Ingredients: 1. 1 teaspoon olive oil 2. 12 lb yellow squash 3. 12 cup onion 4. 1 green pepper 5. 1 tablespoon garlic powder 6. 1 teaspoon oregano 7. 1 teaspoon dried basil 8. salt and pepper ,"Instructions: 1. Coat frying pan or sauce pan with olive oil and heat to a medium-high heat. 2. Add in onions, squash, and green pepper and saute until everything everything is lightly browned but still has some crispyness to it. 3. About 8 minutes for me. 4. Add in seasonings and stir well. 5. Let cook for an additional minute and serve. "
256,0011572c6e,The British Bulldog! Traditional Layered Beef Steak Suet Pudding,Ingredients: 1. 12 ounces self rising flour 2. 6 ounces beef suet or 6 ounces vegetable suet 3. 12 teaspoon salt 4. water 5. 1 12 lbs braising steak 6. 2 tablespoons flour 7. 1 tablespoon tomato puree 8. 1 onion 9. 12 teaspoon dried herbs or 1 tablespoon mixed herbs 10. 1 pint beef stock 11. salt 12. pepper ,"Instructions: 1. Filling: Dip meat in seasoned flour and fry lightly. 2. Add onions and fry until golden. 3. Place in casserole with stock, tomato puree and herbs and cook for 2 hours. 4. Cool. 5. Pastry: Put flour, suet and seasoning in a bowl. 6. Add sufficient water to form a firm but soft dough. 7. Pudding: Roll out the suet pastry and using assorted sizes of saucers, cut out rounds to fit the pudding bowl diameter, starting off small and getting bigger! 8. In a well buttered pudding basin, start with a small round of suet pastry and then add some stewed beef, then a layer of suet pastry and then the beef -- carry on in this way until all the pastry and beef is used up - the last layer should be suet pastry. 9. Cover with buttered greasproof paper and then aluminium foil. 10. Steam for 2 hours, making sure there is always plenty of water. 11. Serve with fresh seasonal greens and vegetables and mashed or steamed potatoes. "
257,001160531e,Hootenanny Pancakes,Ingredients: 1. 12 cup butter or 12 cup margarine 2. 6 eggs 3. 1 cup milk 4. 14 teaspoon salt 5. 1 cup flour ,"Instructions: 1. Preheat oven to 425 degree F. 2. Put entire stick butter into a 9 x 13 inch pan. 3. Put pan with butter into the oven until butter is melted. 4. Beat the eggs, milk, and salt until frothy. 5. Add flour. 6. Beat until mixed. 7. Pour over melted butter. 8. Bake for 25 to 30 minutes. 9. Serve with syrup or jelly. "
258,00116142a7,To Go Energy Drink,Ingredients: 1. 24 ounces coconut water 2. 1 tablespoon acai pulp 3. 1 tablespoon elderberry 4. stevia 5. 1 lime ,"Instructions: 1. Pour in coconut water, add in powders, squeeze of lime -- Taste! 2. Add stevia if you have a sweet tooth that needs satiety: "
259,001183db2b,Horseradish Soup,Ingredients: 1. 2 tablespoons butter or 2 tablespoons vegetable oil 2. 14 cup breadcrumb 3. 3 tablespoons shallots 4. 1 quart chicken broth or 1 quart vegetable broth 5. 2 cups russet potatoes 6. 1 cup horseradish 7. 1 lb polish sausage 8. 14 teaspoon salt 9. 12 teaspoon pepper 10. 4 slices pumpernickel bread 11. 2 tablespoons olive oil 12. 2 teaspoons paprika ,"Instructions: 1. For croutons: heat oven to 325F. 2. Put bread on a baking sheet and and bake in oven for 10 minutes turning once. 3. Meanwhile, in a small sauce pan over low heat combine the oil and paprika. 4. Simmer for 5 minutes to blend flavors. 5. Combine the oil mixture and bread in a bowl and toss to coat. 6. Place bread back on baking sheet and bake for another 10 minutes or until crisp. 7. For soup: heat butter in a heavy saucepan or stockpot until melted. 8. Add shallots and bread crumbs. 9. Cook shallots until softened about 1 minute, don't brown the bread crumbs. 10. Add broth, potatoes and horseradish and bring to a boil. 11. Reduce heat, cover and simmer for 45 minutes or until the potatoes and horseradish are tender. 12. Place soup in blender or food processor and process till smooth. 13. Return soup to stockpot and season with salt and pepper. 14. In a heavy skillet over medium high heat, brown the sausage, about 5 minutes and then add to soup. 15. Return soup to a simmer and ladle into bowls garnishing with the croutons. "
260,0011a8144a,Lemon Icebox Cake,Ingredients: 1. 4 lemons 2. 1 cup water blanching 3. 1 1 2 cups sugar 4. 1 can sweetened condensed milk 5. 3 4 cup heavy cream 6. 1 tablespoon confectioners sugar 7. 1 2 teaspoon pure vanilla extract 8. 1 all butter pound cake ,"Instructions: 1. Remove zest  from 2 lemons in wide strips with a vegetable peeler , then cut lengthwise with a sharp knife into 1/8-inch-wide julienne strips. 2. Reserve lemons for juicing. 3. Fill a 2-quart heavy saucepan halfway with water, then add julienned peel. 4. Bring to a boil and simmer 15 minutes. 5. Drain peel in a sieve and rinse. 6. Bring water  and 1 cup granulated sugar to a boil in saucepan, stirring until sugar has dissolved. 7. Add peel and gently simmer until translucent, about 15 minutes. 8. Remove peel from syrup with a slotted spoon, letting syrup drain off into saucepan. 9. Spread out on a sheet of wax paper and cool to room temperature. 10. Toss peel with remaining 1/2 cup granulated sugar, stirring with a fork to coat and separate. 11. Transfer sugared peel to clean dry sieve and shake off excess sugar, then spread out on a fresh sheet of wax paper to dry slightly. 12. Make lemon filling while peel simmers and cools: Grate enough zest from remaining 2 lemons with a rasp to measure 2 teaspoon, then squeeze enough juice from all lemons to measure 2/3 cup. 13. Whisk together zest, juice, and condensed milk. 14. Chill until cold, at least 30 minutes. 15. Beat heavy cream with confectioners sugar and vanilla in a chilled bowl with a whisk or electric mixer until it just holds stiff peaks. 16. assemble cake: Halve cake crosswise, then trim crust from all sides. 17. Cut each block horizontally into 4  squares. 18. Halve each square diagonally into 2 triangles. 19. For each serving, layer 2 triangles with lemon filling, offsetting corners. 20. Top cake with whipped cream and candied lemon peel. "
261,0011ae8a46,Virgin Mojito,Ingredients: 1. 15 mint leaves 2. 1 teaspoon sugar 3. 1 ounce lime juice 4. 1 2 ounce simple syrup 5. ice 6. 4 ounces ginger ale ,"Instructions: 1. In a cocktail shaker, muddle the mint, sugar, lime juice and Simple Syrup. 2. Add ice, shake well and pour into a highball glass. 3. Top with the ginger ale. "
262,0011cc67b2,Broiled Veal Chops With Anchovy Butter,Ingredients: 1. 3 tablespoons olive oil 2. 4 loin veal chops 3. 1 4 teaspoon cumin 4. 2 tablespoons coarsely rosemary leaves 5. 2 tablespoons shallots 6. salt desired 7. pepper 8. 1 tablespoon anchovies or anchovy paste 9. 4 tablespoons butter 10. 2 tablespoons coriander ,"Instructions: 1. Preheat a charcoal or gas grill or preheat broiler to high. 2. Spoon oil into a flat dish and add chops in one layer, turning to coat on all sides. 3. Sprinkle with cumin, rosemary, shallots, salt and pepper. 4. Set aside. 5. Meanwhile, combine chopped anchovies or anchovy paste, butter, salt, pepper and coriander in a bowl. 6. Blend thoroughly. 7. When ready to cook chops, scrape marinade with herbs from sides of each chop, returning the marinade with herbs to the dish. 8. Put marinade in a warm place. 9. If using a grill, cook the chops about 10 minutes, turning them often. 10. If using a broiler, arrange chops on a rack and place about 2 inches from the source of heat. 11. Leave broiler door partly open and cook chops about 5 minutes. 12. Turn them and continue broiling 2 minutes longer. 13. Return chops to the marinade in the dish and brush to coat both sides. 14. Spoon anchovy butter over chops and serve. "
263,0011d3e235,Crunchy Exploding Snack Beans/Spicy Chili Variation,Ingredients: 1. 15 ounces kidney beans 2. 1 tablespoon olive oil 3. 12 teaspoon chili powder 4. 12 teaspoon cumin 5. 12 teaspoon garlic powder 6. salt 7. pepper ,"Instructions: 1. Preheat oven to 375. 2. Rinse beans in a colander, and drain extremely well. 3. In a bowl, mix beans with oil and seasonings. 4. Transfer beans to a rimmed baking pan lined with parchment paper and arrange in a single layer. 5. Roast for about an hour, stirring gently every 10 to 15 minutes. 6. They will burst open  as they dry. 7. The beans are done when they are crunchy. 8. Feel free to adapt to your favorite seasonings. "
264,0011dc400e,Sherry Vinegar,Ingredients: 1. 1 cup white wine vinegar 2. 1 cup sherry wine ,"Instructions: 1. Bring the mixture just to a boil, cool slightly, pour into a clean jar with a tight-fitting lid. 2. Let it steep in a cool, dark place for several weeks, then store in the refrigerator. "
265,0011e09976,Doggie Treats (Pumpkin Peanut Butter),Ingredients: 1. 1 cup pumpkin puree 2. 12 cup peanut butter 3. 2 14 cups wheat flour 4. 2 eggs 5. 13 cup water ,"Instructions: 1. Mix all ingredients together. 2. Preheat oven to 350. 3. Spray cooking spray on hands to avoid sticking. 4. Knead dough until all ingredients are dispersed and it is the consistency of pizza dough. 5. Spread dough onto a cookie sheet, filling the entire thing. 6. Cut into 30 squares, and make fork indents on each square. 7. Then when removed from oven I cut again before lifting. 8. Excess is still edible but not as pretty. 9. Bake 30 minutes, until biscuits are hard and slightly crunchy on the outside. 10. Cool down before giving to the dog. "
266,001203700b,Tegelese Tesmi (Eritrean Herb Butter),Ingredients: 1. 1 cup unsalted butter 2. 12 cup water 3. 2 onions 4. 2 garlic cloves 5. 2 teaspoons ginger ,"Instructions: 1. Put the butter and the water in a frying-pan and heat them until the butter has melted. 2. Add the other ingredients and simmer the mixture on low for 30 minutes, until the mixture stops skimming and the butter is clear. 3. Do NOT stir the mixture. 4. Sieve the butter and allow to cool down in a well closed jam jar . "
267,00120e65ba,Rosemary-Crumb Beef Tenderloin with Pancetta-Roasted Tomatoes,Ingredients: 1. 1 beef tenderloin 2. 4 ounces pancetta 3. 2 pounds grape tomatoes 4. salt 5. black pepper 6. 6 garlic cloves 7. 2 3 cup pitted kalamata olives 8. 1 1 2 cups water 9. 1 1 4 cups panko 10. 5 tablespoons virgin olive oil 11. 5 tablespoons dijon mustard 12. 2 tablespoons rosemary 13. 1 4 cup leaf parsley ,"Instructions: 1. Heat oven to 500F with rack in middle. 2. Make a deep cut into the top side of tenderloin, about 4 inches from tail end, to facilitate folding the tail end under the roast to give the meat a more uniform thickness. 3. Tie roast at 1-inch intervals with kitchen string. 4. Cook pancetta in a large rimmed baking sheet in oven, stirring once, until fat is rendered and pancetta is crisp, 4 to 8 minutes. 5. Transfer pancetta with a slotted spoon to a bowl. 6. Add tomatoes and 1/4 teaspoon each salt and pepper to fat in rimmed baking sheet and stir, then roast in oven 15 minutes. 7. Stir in garlic and olives and roast until tomatoes are falling apart and browned in patches, 2 to 4 minutes. 8. Remove sheet from oven, then add pancetta and 1/2 cup water, scraping up brown bits. 9. Lower oven temperature to 350F. 10. Toss together bread crumbs, 2 tablespoons oil, and 1/4 teaspoon each salt and pepper in a bowl. 11. Stir together mustard and rosemary in a small bowl. 12. Pat tenderloin dry and sprinkle all over with 1 1/4 teaspoons each salt and pepper, rubbing into meat. 13. Set roasting pan over 2 burners, then add remaining 3 tablespoons oil and heat over medium-high heat until shimmering. 14. Brown tenderloin on all sides, about 10 minutes. 15. Spread top and upper part of sides with mustard mixture, then sprinkle evenly with bread crumbs. 16. Pat lightly to adhere. 17. Roast tenderloin until thermometer inserted diagonally 2 inches into center of thickest part of meat registers 120F, 30 to 40 minutes. 18. Transfer beef to a cutting board and let stand 15 minutes . 19. Set roasting pan over 2 burners and add remaining 1 cup water. 20. Bring to a boil, scraping up brown bits, then stir in tomato mixture and parsley. 21. Cut tenderloin into 1/2-inch-thick slices, discarding string, and serve with tomato mixture. "
268,001243534a,Peg's Chili,Ingredients: 1. 1 lb hamburger 2. 2 cans chili beans 3. 1 tomatoes 4. condensed tomato soup 5. 1 onion 6. 12 cup macaroni 7. 2 teaspoons chili powder 8. 2 teaspoons onion powder 9. 1 teaspoon sugar 10. 14 cup ketchup 11. 1 box beef broth 12. 1 tablespoon butter 13. salt and pepper ,Instructions: 1. Combine all ingredients and cook over medium heat until potatoes are just tender. 2. Turn down heat to low and simmer at least 1.5 hours. 
269,00125c0174,BBQ Bourbon Ribs,Ingredients: 1. 3 lb. pork baby back ribs 2. 2 tbsp. brown sugar 3. 1 tbsp. paprika 4. 2 tsp. garlic powder 5. 1 1 2 tsp. black pepper 6. 1 2 cup orange juice 7. 1 cup bull's eye original barbecue sauce 8. 2 tbsp. bourbon ,"Instructions: 1. Heat grill to medium heat. 2. Place half the ribs in single layer on center of large sheet of heavy-duty foil. 3. Mix sugar and seasonings; rub half evenly onto both sides of ribs. 4. Bring up foil sides. 5. Double fold top and one end to seal packet. 6. Add 1/4 cup orange juice to packet through open end. 7. Double fold remaining end, leaving room for heat to circulate inside. 8. Repeat to make second packet. 9. Place packets on grate of grill; cover with lid. 10. Grill 45 min. 11. to 1 hour or until ribs are done. 12. Remove ribs from foil; discard foil. 13. Return ribs to grill; brush with combined barbecue sauce and bourbon. 14. Grill 15 min., turning occasionally and brushing with remaining sauce. "
270,00125df4eb,Josey Packards Autumnal Old-Fashioned,Ingredients: 1. 1 2 teaspoon cinnamon simple syrup 2. 2 1 4 ounces lairds bonded applejack 3. scant 1 2 ounce demerara simple syrup 4. dash fee brothers whiskey barrel aged bitters ,"Instructions: 1. Build ingredients in old-fashioned glass, add ice, swirl and garnish with orange peel. "
271,001267ea07,Fried Rock Fish,Ingredients: 1. 1 2 cup flour 2. salt and pepper 3. old bay spice seasoning 4. 2 eggs 5. 2 rock fish 6. 1 4 stick butter 7. 1 2 cup oil ,"Instructions: 1. Combine flour, salt and pepper, seasoning and eggs. 2. Dip fish in mixture. 3. Heat butter and oil in a saute pan and saute fish until crisp on both sides. "
272,0012733d1d,Italian Orange Cookies,"Ingredients: 1. 12 lb shortening 2. 1 teaspoon orange extract 3. 1 cup orange juice 4. 1 34 cups sugar 5. 6 eggs 6. 5 teaspoons baking powder 7. 6 6 12 cups all purpose flour 8. 1 orange, zest 9. icing sugar ","Instructions: 1. Preheat oven to 350F. 2. Cream the shortening then beat in the juice, sugar, orange extract and orange zest  until well combined. 3. Blend in the eggs and beat well. 4. Mix in all of the baking powder and flour, 1 cup at a time, blending well. 5. Once you've added 6 cups of flour, add the remaining flour just until mixture can be rolled into a ball . 6. Refrigerate the dough covered for several hours or even overnight. 7. Fill a low dish with sifted icing sugar. 8. Using a small cookie scoop. 9. scoop several balls of the cold dough into a plate. 10. Roll the cookies into a smooth ball then roll in the icing sugar. 11. Place the cookies on an ungreased cookie sheet, about 2 "" apart. 12. Bake for 12 - 15 minutes, rotating the baking trays half way through the baking process. 13. Do not overbake, cookies should be light in colour. "
273,00127af316,Almond Bread - No Grains - No Flour - No Gluten - Low Carb,Ingredients: 1. 14 cup arrowroot 2. 14 cup almond flour 3. 34 cup almond butter 4. 1 tablespoon flax seed meal 5. 12 teaspoon baking powder 6. 12 teaspoon salt 7. 4 eggs ,Instructions: 1. Mix wet ingredients: Almond butter and 4 eggs; mix until blended and smooth. 2. Mix all dry ingredients together-whisk together until well mixed. 3. Mix wet and dry ingredients until smooth . 4. Grease the baking pan/bread pan with coconut oil. 5. Sprinkle flax meal on pan dusting all sides. 6. Add batter to bread pan. 7. Add to pre-heated 350F degree oven/20-25 minutes. 8. Check with toothpick to test for 'doneness'. 
274,00127b57b1,Creamy Baked Chicken Breasts,Ingredients: 1. 4 6 boneless chicken breasts 2. 4 6 slices swiss cheese 3. 1 can cream mushroom soup 4. 1 cup herb seasoned stuffing mix 5. 14 cup butter ,"Instructions: 1. Put chicken in a greased 9x13-inch baking dish. 2. Top with cheese slices, soup and sprinkle with stuffing mix. 3. Drizzle butter over. 4. Bake covered at 350F for 45 minutes. "
275,0012806b36,Pate a Choux Shells (French Pastry Shells) Recipe,Ingredients: 1. 8 tablespoons unsalted butter 2. 1 2 cup milk 3. 1 2 cup water 4. 1 tablespoon sugar 5. 1 4 teaspoon salt 6. 1 cup all purpose flour 7. 4 eggs ,"Instructions: 1. Heat the oven to 425 degrees F and arrange a rack in the middle. 2. Line a baking sheet with parchment paper; set it aside. 3. Heat the butter, milk, measured water, sugar, and salt in a medium saucepan over medium-high heat until the butter has melted and the liquid has come to a boil. 4. Reduce the heat to low, add the flour all at once, and stir vigorously with a wooden spoon until well incorporated. 5. Cook, stirring constantly, until the dough looks shiny and feels smooth to the touch, and a thin film has formed on the bottom of the pan, about 5 minutes. 6. Transfer the dough to the bowl of a stand mixer fitted with a paddle attachment and let it cool for 5 minutes. 7. Meanwhile, fill a small bowl with water and set it aside. 8. With the mixer on medium-low speed, beat in the eggs 1 at a time, letting each egg completely incorporate before adding the next, until the mixture is smooth, sticky, and glossy, about 4 to 5 minutes total. 9. Transfer the dough to a large resealable bag and cut off about 3/4 inch from one corner of the bag. 10. Pipe 12  round mounds onto the prepared baking sheet, making sure theyre about 1 1/2 inches apart. 11. Dip your finger in the bowl of water and smooth the top of each mound. 12. Place the baking sheet in the oven, reduce the temperature to 350 degrees F, and bake until the puffs are golden brown, airy, and completely dry inside, about 45 to 50 minutes . 13. Transfer the baking sheet to a wire rack and let the puffs cool completely, about 30 minutes. "
276,001285ff8c,Pumpkin Spice Trifle,"Ingredients: 1. 1 box spice cake mix 2. 1 can libby's pumpkin 3. 1 4 cups milk 4. 1 4 cups vegetable oil 5. 2 eggs 6. 16 ounces, weight cool whip 7. 1 2 bags ginger snaps ","Instructions: 1. 1. 2. Mix together the cake mix, pumpkin, milk, oil, and eggs. 3. Bake in a 9x13 pan in a preheated 350-degree oven for about 30 minutes, or until an inserted toothpick comes out clean. 4. Allow cake to cool. 5. 2. 6. Prepare pudding according to package directions. 7. Let cool. 8. 3. 9. Cut the cake into cubes. 10. Layer half the cake cubes, half of the pudding, and half of the Cool Whip. 11. Repeat. 12. 4. 13. Top with ginger snap cookies and crushed cookie pieces. 14. Refrigerate and serve cold. 15. If you do, once it is cooked, stir in 1/2 cup brown sugar and 1 teaspoon pumpkin spice to jazz it up. "
277,00128e948c,Soda Bread With Oats,Ingredients: 1. 3 12 cups all purpose flour 2. 1 12 teaspoons baking soda 3. 12 teaspoon salt 4. 1 tablespoon baking powder 5. 1 teaspoon baking powder 6. 13 cup sugar 7. 1 cup oat bran 8. 1 12 cups oats 9. 1 14 cups skim milk 10. 1 14 tablespoons lemon juice or 1 14 tablespoons buttermilk 11. 14 cup melted margarine 12. 2 eggs ,"Instructions: 1. Preheat oven to 350* F. 2. Sift  flour, soda, salt, powder, sugar, bran in large bowl. 3. In separate bowl, mix milk, lemon juice, melted marjarine, and eggs or egg substitute. 4. Form well in the dry ingredients and add wet ingredients. 5. Mix until dough begins to form. 6. Kneed into ball either in bowl or on very lightly floured surface. 7. Place dough either in greased bread pan or on greased baking sheet. 8. Bake for 45- 60 minutes or until knife test comes out clean. "
278,00129c6253,Moroccan Spice Mix,"Ingredients: 1. 1 orange, zest 2. 2 teaspoons cumin 3. 2 teaspoons coriander 4. 2 teaspoons ginger 5. 1 teaspoon hot chili powder 6. 1 teaspoon coarse black pepper 7. 12 teaspoon turmeric 8. 12 teaspoon cinnamon 9. 12 teaspoon salt 10. 12 teaspoon sugar 11. 14 teaspoon cloves ",Instructions: 1. Mix ingredients together thoroughly. 2. Store in an airtight container for up to one  year. 
279,00129ca7ff,Orange Chicken,Ingredients: 1. 12 cup orange juice 2. 1 teaspoon orange zest 3. 14 teaspoon sesame seed oil 4. 12 teaspoon salt 5. 1 lb chicken breast tenders 6. 12 cup cornstarch 7. 34 cup orange juice 8. 1 teaspoon orange zest 9. 5 teaspoons splenda sugar substitute 10. 4 teaspoons sugar free honey 11. 2 teaspoons vegetable oil 12. 2 garlic cloves 13. 2 teaspoons apple cider vinegar 14. 1 pinch red pepper flakes 15. 2 teaspoons cornstarch 16. kosher salt 17. green onion 18. sesame seeds ,"Instructions: 1. Marinade: In a medium bowl combine orange juice, orange zest, soy sauce, sesame oil, and salt. 2. Add chicken tenders and stir to coat. 3. Allow to marinate for 25-30 minutes. 4. Sauce: In a small saucepan combine orange juice, orange zest, chicken broth, Splenda, honey, soy sauce, oil, garlic, and apple cider vinegar. 5. Bring to a boil; lower heat to a simmer and cook until liquid is reduced by 1/4. 6. Season with salt to taste. 7. Stir the 2 teaspoons cornstarch with a small amount of cold water and add to the sauce. 8. Bring back to a boil and cook for 1-2 minutes, or until thickened. 9. Set aside, but keep warm. 10. In a large bowl or ziplock bag add the 1/2 cup of cornstarch. 11. Drain the chicken and toss with the cornstarch, shaking off excess. 12. In a large skillet heat 2 tablespoons vegetable oil over medium-high. 13. Add chicken and cook until golden and meat is cooked through. 14. Gently toss cooked chicken with the sauce and serve. "
280,0012ba01d2,Three Basil Pesto,Ingredients: 1. 4 garlic cloves 2. 3 4 cup pine nuts 3. 2 cups parmigiano reggiano 4. 2 cups pecorino romano 5. 3 cups italian basil leaves 6. 1 1 2 cups bush basil leaves 7. 1 cup loosely lemon basil leaves 8. 2 cups leaf parsley leaves 9. 5 tablespoons olive oil ,"Instructions: 1. Pulse garlic in a food processor until finely chopped, then add nuts, cheeses, a large handful of herbs, and 1 teaspoon pepper and process until chopped. 2. Add remaining herbs one handful at a time, pulsing after each addition, until finely chopped. 3. With motor running, add oil and blend until incorporated. "
281,0012c1bc64,Mediterranean Chicken Breasts,Ingredients: 1. 4 boneless skinless chicken breast halves 2. 12 teaspoon salt 3. 12 teaspoon pepper 4. 2 tablespoons olive oil 5. 1 12 teaspoons garlic 6. 1 can italian style tomatoes 7. 14 cup kalamata olive 8. 12 cup chicken broth 9. 14 cup crumbled feta cheese ,"Instructions: 1. Season the chicken breasts with salt and pepper. 2. Heat one tablespoon of the olive oil in a large, heavy skillet over mediun-high heat. 3. Place chicken breasts in pan and cook for about 5 minutes per side. 4. Remove chicken from pan, set aside, and keep warm. 5. Heat remaining tablespoon of olive oil in skillet. 6. Add minced garlic and saute for about 1 minute. 7. Add diced tomatoes, olives, and chicken broth. 8. Bring mixture to a simmer and return chicken breasts to pan. 9. Simmer chicken breasts for and additional 3-4 minutes or until they're cooked through. 10. Place each chicken breast on a plate and spoon the tomato sauce over them, dividing evenly. 11. Sprinkle each chicken breast with feta cheese. "
282,0012c2faf5,Healthier Peanut Butter Cup Pie,Ingredients: 1. 1 package sugar free instant vanilla pudding mix 2. 1 13 cups nonfat dry milk powder 3. 2 cups water 4. 6 tablespoons reduced fat creamy peanut butter 5. 14 cup cool whip free or 14 cup cool whip lite 6. 1 chocolate wafer pie crust 7. 1 package sugar free instant chocolate fudge pudding mix 8. 1 tablespoon dry peanuts ,"Instructions: 1. Combine vanilla pudding mix, 2/3 cup dry milk powder and 1 cup of water using a wire whisk. 2. Blend in peanut butter and Cool Whip and mix well with whisk until smooth. 3. Spread mixture into pie crust. 4. In the same bowl, combine dry chocolate fudge pudding mix, remaining 2/3 cup dry milk powder and remaining 1 cup water and mix well using the whisk. 5. Spread chocolate mixture evenly over peanut butter mixture in pie crust. 6. Sprinkle chopped peanuts on top and refrigerate at least 1 hour. "
283,0012dbc5f9,Caramel Cinnamon Sweet Rolls,Ingredients: 1. 1 package active dry yeast 2. 3 4 cup warm water 3. 1 2 cup 2 tablespoons unsalted butter 4. 2 1 4 cups self rising flour 5. 1 1 4 cups 3 tablespoons sugar 6. 1 egg 7. 1 1 2 teaspoons cinnamon 8. caramel sauce 9. 1 cup unsalted butter 10. 1 cup light brown sugar 11. 1 4 cup sugar 12. 3 4 cup honey 13. 1 4 cup heavy cream ,"Instructions: 1. In the bowl of an electric mixer fitted with a paddle attachment, dissolve the yeast in the warm water. 2. Add 1/2 cup of butter, 1 cup of the flour, 1 1/4 cups of the sugar, and the egg to the bowl. 3. Beat for 2 minutes, then add the remaining 1 1/4 cups of flour and beat until smooth, about 2 minutes. 4. Scrape the batter from the sides of the bowl. 5. Transfer the dough to a clean bowl. 6. Cover the bowl with a clean kitchen towel and let the dough rise in a warm place  until doubled in size, about 1 hour. 7. Turn the dough out onto a well-floured counter. 8. Roll into a 9 x 12-inch rectangle. 9. Gently spread 1 tablespoon of softened butter on the dough. 10. In a small bowl, combine the cinnamon and remaining 3 tablespoons sugar; sprinkle onto the dough, leaving a 1/2-inch border around the dough. 11. Roll the dough up like a jelly roll, starting from the larger side. 12. Cut the dough into 12 equal pieces. 13. Place the rolls in a 9 x 13-inch casserole dish that has been greased with the other tablespoon of softened butter, tucking the loose ends of the dough under each roll so theyll hold together when baked. 14. Cover the pan with a clean kitchen towel and let the rolls rise in a warm place  until doubled in size, about 1 hour. 15. Preheat the oven to 350F. 16. Bake the rolls for 15 to 20 minutes, or until light golden brown. 17. Brush the hot caramel sauce on the rolls while still hot. 18. In a large pot set over medium-high heat, melt the butter. 19. Add the brown sugar, granulated sugar, and honey. 20. Bring to a boil, and cook for 4 to 5 minutes, stirring once or twice . 21. Remove the pot from the heat and swirl in the cream until it is fully incorporated. 22. Be very careful when adding the cream because the mixture will bubble up. 23. Sandys Granny Haley made the best cinnamon rolls in the world. 24. It seemed so effortless and magical to her grandkids. 25. The smell the cinnamon wafting through the house stopped people in their tracks. 26. Unfortunately for Sandy, one of her biggest regrets was not getting the exact measurements for the cinnamon rolls. 27. When Sandy graduated from culinary school, one of the first tasks given to her by her mother was to re-create Grannys cinnamon rolls. 28. Sandy was able to locate an old hand-written recipe card with the general method, but the problem was that the recipe said things like a drop of this and a handful of that. 29. Sandy has worked diligently on these cinnamon rolls. 30. She feels like hers have gotten really close to Grannys, but she thinks Grannys hands must have been much smaller. 31. Her laughter and tiny hands are missed. "
284,0012e20794,Cheese Puffs,Ingredients: 1. 2 cups plain flour 2. 2 teaspoons baking powder 3. 1 cup cheese 4. 2 bacon 5. 2 tablespoons chives 6. 1 cup milk 7. 2 eggs ,"Instructions: 1. Sift flour and baking powder together. 2. Stir in cheese, bacon and chives. 3. Mix milk and eggs together and then add to flour mix, stirring until just combined. 4. Spoon into prepared muffins tins. 5. Bake in moderately hot oven 200deg C/380deg F for 15- 20 minutes. "
285,0012e42c69,Hot Cheese!,Ingredients: 1. 1 lb rectangle shaped queso fresco 2. 10 ounces bagel chips or 10 ounces crostini or 10 ounces crackers 3. 5 ounces raspberry jelly or 5 ounces blackberry jelly or 5 ounces apricot jam or 5 ounces pepper jelly ,"Instructions: 1. Preheat an electric griddle or VERY nonstick pan on medium heat. 2. Cut cheese into 2"" by 1"" retangles that are about 1/2"" thick. 3. Spray griddle or nonstick pan with cooking spray and place the cheese rectangles, leaving a little space between them, on the giddle or non stick pan. 4. Let the cheese brown on that side, about 3 minutes, then flip to brown on the other side. 5. Serve cheese on bagel chips, crostini, or other crackers with a dap of jelly or jam on top. "
286,00130ef4a5,Healthy Ham & Cheese Breakfast Casserole,Ingredients: 1. 4 eggs 2. 4 egg whites 3. 1 cup nonfat milk 4. 2 tablespoons dijon mustard 5. 1 teaspoon rosemary 6. 14 teaspoon pepper 7. 5 cups spinach 8. 4 cups grain bread 9. 1 cup ham steak 10. 12 cup jarred red pepper 11. 34 cup gruyere cheese or 34 cup swiss cheese ,"Instructions: 1. Preheat oven to 375 degrees F. Coat a 7-by-11-inch glass baking dish or a 2-quart casserole with cooking spray. 2. Whisk eggs, egg whites and milk in a medium bowl. 3. Add mustard, rosemary and pepper; whisk to combine. 4. Toss spinach, bread, ham and roasted red peppers in a large bowl. 5. Add the egg mixture and toss well to coat. 6. Transfer to the prepared baking dish and push down to compact. 7. Cover with foil. 8. Bake until the custard has set, 40 to 45 minutes. 9. Uncover, sprinkle with cheese and continue baking until the pudding is puffed and golden on top, 15 to 20 minutes more. 10. Transfer to a wire rack and cool for 15 to 20 minutes before serving. 11. TIPS. 12. Tip: To wilt spinach, rinse thoroughly with cool water. 13. Transfer to a large microwave-safe bowl. 14. Cover with plastic wrap and punch several holes in it. 15. Microwave on High until wilted, 2 to 3 minutes. 16. Squeeze out excess moisture before adding the spinach to the recipe. 17. MAKE AHEAD TIP: Prepare casserole through Step 2; refrigerate overnight. 18. Let stand at room temperature while the oven preheats. 19. Bake as directed in Step 3. "
287,001310c451,Lamb Chops au Gratin,Ingredients: 1. 8 lamb loin chops 2. 12 ounce butter 3. 1 onion 4. 4 tablespoons beer 5. 14 teaspoon dried mixed herbs 6. 3 fluid ounces double cream 7. 2 ounces sharp cheddar cheese ,"Instructions: 1. Broil or grill the chops for 5-10 minutes on each side, depending on the thickness. 2. Remove and keep warm. 3. Melt the butter in a non-stick pan, add the onions and cook until soft. 4. Add the beer and herbs and boil for 1 minute, stir in the cream and heat through. 5. Remove from the heat, add the cheese and chives and stir until melted. 6. Pour over the chops and serve immediately. "
288,0013176788,Apple crunch,Ingredients: 1. 5 apples peeled 2. 1 1 2 cup all purpose flour 3. 1 1 2 cup sugar 4. 1 eggs 5. 1 stick margarine 6. 2 tsp cinnamon 7. 1 2 cup brown sugar 8. 1 tsp baking powder 9. 1 pinch salt ,Instructions: 1. Heat oven to 350. 2. Spray a 8x8 baking dish with pan coating. 3. Arrange apples in 2 layers sprinkling with cinnamon. 4. .i also added a little nutmeg and ground cloves. 5. .. use 1/2 the brown sugar each layer. 6. Dot the top with 1/2 the margarine. 7. Add the dry ingredients together and combine well. 8. Add the remaining margarine and mix with your hand until incorporated then mix in the egg until crumbly. 9. Pour the topping mixture over apples. 10. Bake about 40 minutes. 11. . 
289,00131a818b,Mini Baked Donuts,"Ingredients: 1. 1 1 2 cup all purpose flour 2. 2 teaspoons baking powder 3. 1 2 teaspoons salt 4. 1 2 sticks unsalted butter 5. 1 4 cups sugar 6. 1 4 cups brown sugar 7. 1 egg 8. 1 teaspoon vanilla extract 9. 1 2 cups milk 10. 4 ounces, weight chocolate 11. 13 cups unsalted butter 12. 2 teaspoons corn syrup 13. 1 4 cups milk 14. 1 teaspoon clear vanilla extract 15. 2 cups powdered sugar 16. 1 drop coloring paste 17. 1 tablespoon sprinkles ","Instructions: 1. Preheat oven to 375 F. Grease two 12-count mini muffin pans. 2. In a bowl, mix together flour, baking powder and salt. 3. Set aside. 4. In the bowl of a stand mixer fitted with a paddle attachment, cream the butter and sugars until light and fluffy. 5. Add the egg and continue mixing until incorporated. 6. Add vanilla and mix until combined. 7. Working in batches, add the flour mixture to the butter mixture, alternating with milk. 8. Continue until all of the flour and milk have been added. 9. Transfer the batter to a piping bag attached to a round tip, and pipe the batter in the donut pan only filling each space halfway full. 10. Put pans into the heated oven. 11. Bake until risen and browned, about 8 to 10 minutes. 12. Let donuts cool on a wire rack before glazing. 13. To prepare the chocolate glaze, place all ingredients in a medium heatproof bowl over a pot of simmering water. 14. Stir the mixture with a wooden spoon until melted and smooth, about 5 minutes. 15. To prepare the vanilla glaze, whisk all ingredients  slowly until slightly thickened. 16. Add one drop of coloring paste if desired. 17. Dunk each donut into the glaze and place it on a wire rack. 18. Add sprinkles to the top of donuts right away, if desired. 19. Let glaze set for 5 minutes. "
290,0013350f98,Chicken Stir-Fry with Peanut Sauce,Ingredients: 1. 3 garlic cloves 2. 1 piece 1 ginger 3. 1 red pepper 4. 1 broccoli stem 5. 1 head broccoli florets 6. 1 handful snow peas 7. 1 pound boneless skinless chicken breast 8. 1 teaspoon soy sauce 9. vegetable oil 10. 1 cup jasmine rice 11. garnishes green onions 12. 1 2 cups smooth peanut butter 13. 1 tablespoon soy sauce 14. 1 2 teaspoons red pepper flake 15. 1 lime 16. 1 tablespoon light brown sugar 17. 5 tablespoons hot water ,"Instructions: 1. Cook the rice according to directions on the bag and keep warm until needed. 2. In a small food processor, combine all ingredients needed for the peanut sauce except the water. 3. Blend on low until smooth, then add hot water as needed for desired consistency. 4. Coat the bottom of a wok with vegetable oil and bring to high heat. 5. Add garlic and ginger, and stir for about 30 seconds. 6. Next, add the red peppers, broccoli stem, broccoli florets, and snow peas. 7. Toss to coat the vegetables with oil. 8. Cook for about 2 minutes and add oil as needed to continue cooking process. 9. Add chicken to the wok and toss with a bit more soy sauce . 10. Cook for about 6 minutes or until chicken is cooked through. 11. Turn off heat and let stir-fry rest for 5 minutes. 12. Serve stir-fry atop warm rice and ladle the straight-from-heaven peanut sauce on it. 13. Be generous. 14. Add green onions, cilantro, crushed peanuts, and more red pepper flakes as desired. "
291,001341d70b,Crispy Walnut Sweet & Sour Stir-Fry,Ingredients: 1. 2 cups 2 teaspoons canola oil 2. 1 cup walnut halves 3. 1 cup orange juice 4. 6 tablespoons rice vinegar 5. 6 tablespoons soy sauce 6. 6 tablespoons honey 7. 2 tablespoons cornstarch 8. 4 scallions 9. 2 orange or tangerine 10. 3 tablespoons ginger 11. 2 tablespoons garlic 12. 2 dried chilies 13. 1 head broccoli 14. 3 carrots 15. 1 red bell pepper 16. 1 4 cup chicken broth or water 17. 2 teaspoons toasted sesame oil 18. 2 oranges 19. cooked rice ,"Instructions: 1. In a small saucepan, heat the 2 cups of oil to 350F. 2. Fry the walnuts until golden and crispy, about 2 minutes. 3. Using a slotted spoon, remove the nuts to a paper towel to drain. 4. In a bowl, whisk together the orange juice, rice vinegar, soy sauce, honey and cornstarch and set aside. 5. In a large skillet, heat the remaining 2 tablespoons canola oil on high heat. 6. Add the scallion whites, citrus peel, ginger, garlic and chilies and cook, stirring, until fragrant, about 1-2 minutes. 7. Add the broccoli, carrots, peppers, and broth and cook until the vegetables begin to soften, about 2-3 minutes. 8. Give the reserved sauce a stir, then add it to the skillet and cook, stirring, until a shiny glaze forms. 9. Stir in the sesame oil and remove from the heat. 10. Gently stir in the orange segments and fried walnuts. 11. Divide among four bowls and garnish with the scallion greens. 12. Serve with rice. "
292,001351e350,Ww 7 Point Chicken Noodle Casserole,Ingredients: 1. 12 lb yolk free egg noodles 2. 3 tablespoons all purpose flour 3. 2 teaspoons grapeseed oil 4. 1 onion 5. 2 cups nonfat milk 6. 12 tablespoon dijon mustard 7. 1 tablespoon tarragon 8. 1 package frozen peas 9. 2 cups chicken 10. 12 cup reduced fat cheddar cheese ,"Instructions: 1. Preheat oven top 350 degrees. 2. Spray a 2 quart high sided baking dish with nonstick spray. 3. cook the noodles per package directions drain and set aside. 4. meanwhile, whisk the flour and 1/2 cup of the broth in a small bowl until the flour dissolves. 5. Heat the oil in a large saucepan over medium heat. 6. Add the onion and cook, stirring frequently, until softened, about 3 minute Stir in the milk and the remaining 1/2 cup broth; bring the mixture to a simmer. 7. Whisk in the flour mixture; cook stirring constantly, until the sauce bubbles and thicknes, about 3 minute Stir in the mustard and tarragon. 8. Mix the peas and chicken in with sauce. 9. pour noodles into baking dish then top with sauce mixture. 10. Stir the mixture together then top with cheese. 11. Bake Until bubbling and golden brown abour 40 minute. 12. Let stand for 5 min then serve. "
293,0013592bfb,Israeli Couscous Risotto with Shiitakes,Ingredients: 1. 2 tbs. olive oil 2. 6 oz. shiitake mushrooms 3. 1 poblano chile 4. 2 shallots 5. 1 carrot 6. 1 8.8 oz. box israeli couscous 7. 1 2 cup or frozen peas 8. 3 tbs. chives 9. 2 tbs. tarragon ,"Instructions: 1. Bring broth and 2 cups water to a boil in saucepan. 2. Reduce heat to low. 3. Heat 1 Tbs. 4. oil in large saucepan over medium heat. 5. Add mushrooms and poblano, and saute 5 minutes, or until mushrooms have released their juices. 6. Transfer to plate, and set aside. 7. Heat remaining 1 Tbs. 8. oil in same pan over medium heat. 9. Add shallots, and saute 2 minutes, or until soft. 10. Add carrot, and saute 3 minutes more. 11. Add couscous, and cook 3 minutes, or until lightly browned, stirring constantly. 12. Stir 1/4 cup broth mixture into couscous mixture. 13. Reduce heat to medium low. 14. Add 1/4 cup more liquid, and cook until liquid has been absorbed. 15. Continue adding liquid, cooking and stirring 12 minutes, or until couscous is tender and all liquid has been used, adding more water if necessary to finish cooking. 16. Add peas and reserved mushroom mixture, and cook 2 minutes more, or until peas are heated through. 17. Stir in 3 Tbs. 18. chives and tarragon, and season with salt and pepper. 19. Serve garnished with remaining chives. "
294,00137323cc,Slamma Jamma Parmigiana,Ingredients: 1. 4 boneless skinless 2. 12 cup kosher salt 3. 12 cup sugar 4. 1 12 cups all purpose flour 5. 2 eggs 6. 14 cup milk 7. 1 12 cups dried breadcrumbs 8. 1 12 cups panko breadcrumbs 9. 14 teaspoon dried oregano 10. 14 teaspoon dried basil 11. 1 teaspoon dried parsley 12. 1 teaspoon sea salt 13. 12 teaspoon black pepper 14. 1 lb mozzarella cheese 15. 14 lb parmigiano reggiano cheese 16. olive oil 17. 1 lb penne rigate 18. tomato sauce 19. 14 cup italian parsley 20. 2 tablespoons virgin olive oil 21. 1 yellow onion 22. 4 garlic cloves 23. 6 cups and roma tomatoes 24. 1 tablespoon basil leaf 25. 12 tablespoon oregano leaves 26. salt & black pepper ,"Instructions: 1. Lightly pound the chicken breasts to 1/2-inch thickness. 2. Combine the kosher salt, sugar, and 1 quart of water in a 1-gallon size resealable plastic bag; shake until dissolved. 3. Add the chicken breasts and soak at room temperature for 30 minutes. 4. Place the flour in a medium bowl. 5. Remove the chicken from the brine. 6. Shake off excess moisture and, with tongs, lightly dredge the chicken in the flour. 7. Shake off the excess flour and transfer to a large plate. 8. Mix the eggs and milk in medium bowl and whisk thoroughly. 9. In a separate bowl combine the bread crumbs, oregano, basil, parsley, sea salt, and pepper. 10. Dredge the chicken in the egg and milk mixture with tongs and let excess mixture drain off. 11. Now dredge the chicken into the bread crumb mixture, and lightly pat down in the bread crumbs to adhere. 12. Preheat the broiler. 13. Let the breaded chicken sit for 5 minutes before frying. 14. In a medium saucepan on medium-high heat, add enough olive oil to come 1/3 up the side of the chicken. 15. Cook the chicken in batches until golden brown on both sides. 16. Remove from the pan when cooked and place on a sheet tray. 17. Repeat with remaining chicken. 18. When all the chicken is cooked, sprinkle mozzarella and Parmesan evenly over the top. 19. Place under the broiler until the cheese melts and is golden brown. 20. Serve chicken over pasta and ladle tomato sauce on top. 21. Garnish with additional Parmesan and parsley. 22. Tomato Sauce:. 23. Heat the olive oil over medium heat in a saucepan. 24. Add the onions and cook until translucent. 25. Add the garlic and cook until almost brown, then add tomatoes. 26. Saute for 30 minutes over low to medium heat. 27. Add the basil and oregano and continue to cook for 30 minutes longer. 28. Puree in a food mill or let cool and puree in a food processor. 29. Season with salt and pepper, to taste. 30. . "
295,0013797989,Diet Cookies,Ingredients: 1. 1 14 cups date sugar 2. 34 cup brown rice syrup 3. 10 ounces prune puree 4. 4 egg whites 5. 2 teaspoons vanilla 6. 2 teaspoons butter flavor extract 7. 3 cups old fashioned oats 8. 2 cups oat bran 9. 1 cup wheat flour 10. 1 cup unbleached white flour 11. 1 12 teaspoons baking soda 12. 12 teaspoon baking powder 13. 12 teaspoon salt 14. 13 cup cocoa powder 15. 1 cup walnuts or 1 cup almonds or 1 cup pecans ,Instructions: 1. Preheat oven to 325 degrees. 2. Whisk together wet ingredients. 3. Whisk together dry ingredients. 4. Combine both bowls and mix with hands . 5. Make into patties . 6. Cook for 15 minutes. 
296,001381ebb7,Grandma's Spaghetti Sauce,Ingredients: 1. 1 lb hamburger 2. 1 onion 3. 1 can mushroom 4. 1 can tomato sauce 5. 1 can tomato puree 6. 1 can tomato paste 7. 12 bottle ketchup 8. 1 can water 9. 12 teaspoon worcestershire sauce 10. 1 tablespoon parsley 11. 12 teaspoon baking soda ,Instructions: 1. Brown meat and add all other ingredients. 2. Simmer and Serve. 
297,001383883d,Pickled Vegetables,Ingredients: 1. 3 cups white wine vinegar 2. 1 cup water 3. 1 2 cup sugar 4. 1 teaspoon red pepper 5. 1 teaspoon cumin seed 6. 1 teaspoon coriander seed 7. 1 teaspoon white pepper 8. 1 2 teaspoon cloves 9. 1 bay leaf 10. 6 cloves garlic 11. 1 cup carrots 12. 1 cup cauliflower florets 13. 1 cup red pepper 14. 1 cup red onion 15. 1 cup baton zucchini ,"Instructions: 1. Bring vinegar, water, sugar and spices to a boil. 2. In succession add carrots, cauliflower, red pepper, onions and zucchini, leaving 2-3 minutes between addition of each vegetable. 3. Remove from heat and let cool. "
298,0013894a19,Bride's Pink Punch Recipe,Ingredients: 1. 3 ounce. box strawberry jello 2. 1 c. water 3. 1 pack unsweetened strawberry kool aid 4. 2 quarts. cool water 5. 2 1 2 c. sugar 6. 46 ounce. can pineapple juice 7. 10 ounce. 7 up 8. 2 pts. pineapple sherbet ,"Instructions: 1. Dissolve Jello in boiling water. 2. Mix kool-aid, cool water and sugar. 3. Add in Jello with kool-aid and pineapple juice. 4. Store till ready to use. 5. Add in 7-Up and spoonfuls of sherbet when ready to serve. 6. Serves 35 people. "
299,00139dcdb1,Easy Clam Pasta,Ingredients: 1. 1 pasta 2. 150 grams manila clams 3. 1 tbsp olive oil 4. 1 tsp garlic 5. 50 ml white wine 6. 50 ml pasta water 7. 1 tbsp butter 8. 1 dash soy sauce 9. 1 pinch black pepper ,"Instructions: 1. Put the clams in salt water while we prepare the pasta. 2. Clean the clams of sand and salt. 3. If you are making a large amount, you can freeze the leftovers for later. 4. In a pan, heat olive oil and garlic and over low. 5. When the garlic becomes aromatic, pour in the white wine on high heat. 6. Cover and simmer on low to medium heat until the clams open. 7. As the clams start to open, remove the lid. 8. When they look ready, add in the pasta and stir. 9. At this point, add in the soy sauce. 10. Then serve on a plate with a sprinkle of pepper. "
